<KicadtoNgspice><source><voff1 name="Source type">0</voff1><v_plus1 name="Source type">5</v_plus1><vdd1 name="Source type">3</vdd1><v_minus1 name="Source type">3</v_minus1><v_plus1 name="Source type">1</v_plus1><v_minus1 name="Source type">0.99</v_minus1></source><model /><devicemodel><m2><field>D:\Softwares\eSim\FOSSEE\eSim\library\deviceModelLibrary\MOS\PMOS-180nm.lib</field><field /><field>0.18u</field><field /></m2><m5><field>D:\Softwares\eSim\FOSSEE\eSim\library\deviceModelLibrary\MOS\PMOS-180nm.lib</field><field /><field>0.18u</field><field /></m5><m3><field>D:\Softwares\eSim\FOSSEE\eSim\library\deviceModelLibrary\MOS\NMOS-180nm.lib</field><field /><field>0.18u</field><field /></m3><m6><field>D:\Softwares\eSim\FOSSEE\eSim\library\deviceModelLibrary\MOS\PMOS-180nm.lib</field><field /><field>0.18u</field><field /></m6><m1><field>D:\Softwares\eSim\FOSSEE\eSim\library\deviceModelLibrary\MOS\PMOS-180nm.lib</field><field /><field>0.18u</field><field /></m1><m4><field>D:\Softwares\eSim\FOSSEE\eSim\library\deviceModelLibrary\MOS\NMOS-180nm.lib</field><field /><field>0.18u</field><field /></m4></devicemodel><subcircuit /><microcontroller /><analysis><ac><field1 name="Lin">true</field1><field2 name="Dec">false</field2><field3 name="Oct">false</field3><field4 name="Start Frequency" /><field5 name="Stop Frequency" /><field6 name="No. of points" /><field7 name="Start Fre Combo">Hz</field7><field8 name="Stop Fre Combo">Hz</field8></ac><dc><field1 name="Source 1">V_plus1</field1><field2 name="Start">-100</field2><field3 name="Increment">0.01</field3><field4 name="Stop">100</field4><field5 name="Operating Point">0</field5><field6 name="Start Combo">mV or mA</field6><field7 name="Increment Combo">mV or mA</field7><field8 name="Stop Combo">mV or mA</field8><field9 name="Source 2" /><field10 name="Start" /><field11 name="Increment" /><field12 name="Stop" /><field13 name="Start Combo">Volts or Amperes</field13><field14 name="Increment Combo">Volts or Amperes</field14><field15 name="Stop Combo">Volts or Amperes</field15></dc><tran><field1 name="Start Time" /><field2 name="Step Time" /><field3 name="Stop Time" /><field4 name="Start Combo">sec</field4><field5 name="Step Combo">sec</field5><field6 name="Stop Combo">sec</field6></tran></analysis></KicadtoNgspice>